caseid,doc1-name,doc1-id,doc2-name,doc2-id
1573565341559091,30_doc.docx,b1bd9045-1ef3-4ae1-a2fe-1f2144cba580,100_pdf.pdf,bcefd213-00ea-43d5-91cc-0e3743c56d7f
1573565369305740,30_doc.docx,1b93d273-0db6-4d98-8e1a-b0b6f57b3d84,100_pdf.pdf,14a349e9-5210-457d-879f-e21196b8c927
1573565399733200,30_doc.docx,088f0d3f-07f2-451c-852d-3e37c603030b,100_pdf.pdf,74e8dcb3-2e8d-4871-91ac-abe55265abd5
1573565429530428,30_doc.docx,e535abad-e3ac-4c64-8d01-9961a5031eb5,100_pdf.pdf,c4774286-af38-4271-9686-177c0a95b2fa
1573565464389219,30_doc.docx,e7f7082d-be85-4a7e-93bb-2eafe099eb51,100_pdf.pdf,4f5df679-fbc4-43b9-a985-222dadd95c79
1573565493562430,30_doc.docx,6f9be02c-1677-402a-a8b8-6bdc3f3d6fc1,100_pdf.pdf,2bff92ac-1782-4a7a-b8d0-ab33cb86f90d
1573560369535701,100_doc.docx,8106451b-82d5-42eb-b673-5b2b39488a04,300_pdf.pdf,b64d2940-bac8-49f5-a109-ede72d8bfe38
1573560401403942,100_doc.docx,79eff7e5-2e44-4bfd-8890-3c9782902a66,300_pdf.pdf,26b09653-77bf-47a4-9acf-7b93efa60959
1573560431496130,100_doc.docx,74966d46-8a5e-4b34-bbee-3e72e0bc16bf,300_pdf.pdf,ba5cffe7-7250-4d0e-aaee-6680a63b5dcd
1573560469126898,100_doc.docx,9552779d-a92e-4712-9241-cbda18e1e24e,300_pdf.pdf,f81c5553-b7bf-42c0-8493-751e5ae75a6a
1573560500382104,100_doc.docx,d73db605-276b-48d8-a841-a9a548e2c2a1,300_pdf.pdf,f4bb4e87-1d79-441e-8546-f83e7f1c73b8
1573560532492525,100_doc.docx,4907c265-57cd-491f-b2a3-55cabc49b5fd,300_pdf.pdf,7e795829-4e22-42cc-b622-64f9984aeba2
1573560564724399,100_doc.docx,6f03850a-19bc-4bb2-855f-2955ca6ecea1,300_pdf.pdf,901ac414-2dcb-4b30-9e65-7b57e1ed6bb9
1573560594724260,100_doc.docx,b6aed497-07d8-409a-98d7-b1681254662d,300_pdf.pdf,25bee9cb-2a63-49e8-9d5d-297bed23a545
1573563332526716,300_pdf.pdf,bf4649a7-696b-45b4-bfc9-7dc8926912ec,300_pdf.pdf,8c660684-d410-4c43-bca6-a6d37d8d2b96
1573563503926638,300_pdf.pdf,541c9836-e643-44d9-81ff-d6d0b868e7aa,300_pdf.pdf,490f02f3-3bce-4651-966f-49ef409da7d5
1573563535369468,300_pdf.pdf,0d72fd58-ce7f-41df-be71-f5fb5eb429f1,300_pdf.pdf,6cac9d5a-89a7-4160-93f4-046a3b0290b8
1573563568043683,300_pdf.pdf,50f8a640-938d-43cc-b793-93a0ed4147a5,300_pdf.pdf,2ecd18fa-bb51-41f9-8ddc-fec25c4299ac
1573563598223651,300_pdf.pdf,90f4a686-1def-4e71-a5fe-24129ac684ef,300_pdf.pdf,88839063-26d3-4fc0-8ece-3e9148161c3e
1573563627204680,300_pdf.pdf,efaf4601-df31-42f5-a39b-8e3811f5502f,300_pdf.pdf,10e451a2-fe6c-4311-904b-053a2a44ab28
1573563658071610,300_pdf.pdf,979b683b-9a3c-4e44-af79-9952cb384c4a,300_pdf.pdf,b06a265d-d034-40d9-9200-9a09e5c0fc04
1573563689535153,300_pdf.pdf,0430b6c3-c581-4948-b04f-1527a1430ceb,300_pdf.pdf,b44105f7-dd9a-4d2c-9795-aff799fc306f