documentId_200,documentId_500,documentId_1000
03c082cb-bb98-4dfd-b7ea-4e2c82d8f019,b6e03c94-151d-4ee5-b527-777430da40cc,addeb23e-3182-4e2d-801c-042f2eabb5e5
4cfa7514-68de-44bd-8482-ba26eb2c17e2,b413ebff-beee-4182-b822-6a9bef5bb340,33dcbf8a-bfc3-4d0a-9a2f-17d859d1b991
5262549e-4722-4b9d-a28a-34e399318221,0fb2fa08-2299-4442-8548-b3ff22bc7cd1,3c8a1e65-888b-4469-9f8b-e8636a0635d1
423f8f1b-8906-4358-bc92-a2aa6c7ca0bc,0f3dac7c-b849-4885-9688-ed1ca50347f9,2fe0c47d-d393-4326-a323-156cde3092ad
bda4d156-cd1b-4e95-b99f-6ec03824b78b,f03273bd-8111-4298-bd48-4f78f296071e,7c99e88b-1065-4729-a9b8-5d883c704837
18d9584a-b15b-44aa-8bd9-9e43f95592b9,9302ca59-f0e1-4c70-808f-a9da60959dac,3ae4db36-b521-46d4-befe-e80c0d9e6c20
5e319e3a-aab7-41e2-963c-c9664afb234d,75f9a265-4751-4a82-ae17-2c92db95a017,7b2b49ca-aece-43c2-8069-3b2e01534d7c
b47ea303-2d47-4666-addb-97459460a419,868af26a-3ab4-4141-a9a3-388604b49618,7f8836cc-d57e-4b1d-8814-6eee5b0e28e1
aed0fc58-c8c3-4428-9d15-540d676e7281,0b49659e-228c-46cf-8c99-d28e7f648c4b,31cc9618-d811-4d29-98b2-61ca477180ce
7d59471c-5828-4074-88be-cc838ee14dc9,830a0e8a-723a-4ba8-94bd-15e985f3a0b7,ba5a0977-dac3-404e-adc2-fa2a5f663b77
557bd15b-fb3e-411d-8b1b-c7e07b865603,ba9852cb-3937-4bf1-8663-ac328be77f08,4aadc465-a1a3-4039-9c3e-0300c734aeb2
1c0797cb-3ed2-4c8f-972c-0b347c7ff047,aaa0e0d6-cdd3-4e5a-828b-9d59981e1687,e91dab67-710a-42b8-b460-d07783dcb784
3ba25264-2c99-46bb-b863-44312a32009b,21aa1059-e4c8-467c-8366-af27e6f6015b,4d0fbd7e-2356-4b1b-a98d-a86ceca67b83
abbafd0b-2768-4331-bf13-2411d037b340,e9c4ee3f-41fc-4e1d-82d1-cc64a30b86cf,e0b827b5-9c06-44e4-8ac5-b063b289494f
d9b7c274-3cd5-4696-be69-f10eb12c897d,cb0523dd-5785-4922-a95e-166a217a7c2b,6590468f-d82d-4b3c-9ed3-ac8fbcd574a9
ee75bd92-8cf8-4e17-b6ab-dec72420b14e,c936bc46-3ea1-4f9c-8412-e2d1222364bb,80efaf0e-3e27-41e2-9b95-e5d9b88f657f
16db077c-d083-4db7-8c7e-30f4e216467e,4df33fb1-0cc7-4dee-8c61-b79ea33f4315,da1565c9-3de9-4edd-8651-a676ec475255
81717182-048b-447d-9af1-20eec0c6aff1,74981412-c4ad-4407-8085-ff98804c84c8,7b0e9b92-f344-4f28-8cc0-7cd3a4d03c09
4695b14b-295f-4455-9282-df1e734c0b07,dc07f479-1785-443b-8773-830cd2d22ea6,b6c3f3dc-bf3f-4b51-8490-f56931b24be1
b9ec0269-2455-4949-bb94-05838b7b8711,d5b229a4-255b-4a8d-999c-5023b2c4ee65,7fc3c1d5-a32b-44ce-84ee-01617d00e830
422d6316-1f7a-440e-9936-f1cb06d602dd,d799a4ed-5127-4768-84ce-afe51acbba10,f270cbfe-6df8-4171-ba4c-4080b786b44b
d900c066-23b8-4aa9-9d98-206ae36bd9ad,da5daae9-68c2-410e-81fa-e9616b4441c1,6ac9bd94-5a94-4791-9164-ba82187d7b3f
05dc5687-8eb2-4eaa-b82a-e52f1bb6a1bc,f8eb2ab2-526e-4a4b-b1fd-b9b6f7a5a377,e4a420af-e08b-46ba-91a3-748631606d74
43fafaf7-8fb4-4f93-b5d7-6fa988913d74,8ef2af38-448a-4259-b916-ed8b90c937eb,28c621ed-f859-4511-b98c-94736692a995
1493293c-1a62-4a0e-b772-fe0fe8671441,a110030c-10cd-4708-b1d8-dc3a799473e8,31b152de-04e8-42d1-986b-d01997bfa4fb
c5084511-0e87-4e80-b233-192da2080ff9,b310ff76-289a-43db-8cb1-1dc2ba2ff340,f8db95b3-4c56-4520-902b-3236f30071f1
c00fc441-6cf4-4613-adaf-360fabd18988,d9e23d25-7361-4cec-b6f9-0a623a3666bc,7444642e-ab88-4f56-87b6-d5f88fce02ad
1350571d-b9c4-4370-9e26-5d0ed648cc84,3f0301a6-f51f-4251-be2d-f01dfa7b42cd,25ada65e-717f-437f-a7cd-9c183721daa7
29363416-e22d-4eeb-971c-7c18456258bc,853a9a87-ad6b-4094-837d-d5116d92833b,8b00476b-b010-46bf-bccd-92865ee9e867
44fe5a62-2238-4591-a127-4794e8e36f49,e5872bac-d5de-46b9-a6c5-479aa95b607b,9c2c55dc-9ece-46ee-9a75-c000e7da6806
e0d035c4-72a5-4f7b-aff1-e50fa72f9961,3137f15e-f49c-4d2b-9014-69a79ba91e6d,beb284ff-ffe0-4e2f-8dfa-ed335618b19a
df0e97d0-e708-4d76-a76d-2d6f78f4b6e9,65f3a712-181b-45ab-bdfb-d9d587573bb6,f685adbe-b142-4a2f-9553-f7b71ff507f0
02a52b23-e65a-4073-8d76-36d21172ddeb,e144b98b-667d-4d14-b7e9-255b293a3eae,18770dbd-2520-4dd1-9033-87321ccc1a4f
5bab6738-39d7-4c61-ac8a-9b320233639b,9aa6caab-0df8-4498-97a9-af5f530ee591,2fcc1e03-d815-4eb9-9333-4f72e28ef829
7081ff25-25ad-4a04-abe3-a00577c2f450,e6aef0aa-4a8a-41e5-bee8-9b01b0fd5707,a9f5873d-f66e-4249-b85e-3a1a0debc24a
7fe4edbc-7258-44ad-bf18-691d8da19b7d,b899208d-5c09-4662-8357-8095bc31bf08,b42c240d-0e1c-426e-9b05-0c199c0bb29f
00c7885c-74cc-4992-a492-ea300745cc54,d8f62d17-6248-44d5-8560-f293d1b24fa5,baa5e4dc-b02a-4936-bf39-652eee63890d
7f0b4662-a146-4f24-a655-01559f55a294,40c20b32-cdfb-4f31-b59b-e43bb192f91d,a1d1f8b2-740d-4029-ac9f-06dcca6204e1
40f26382-76c6-480b-af27-77bfbbf4571d,f7b43698-dd71-42d4-8458-0016dedfe234,dca1c4a3-f9ae-4884-b6ca-8567d6d06315
e1c0a5ab-30a2-4568-9182-f127b27fd68b,e481a0bd-2f8c-4773-a7d8-19b5aa2240fd,896a574e-cbb3-4634-a542-666d31136613
93f25caa-5868-4a50-8e24-bf38bbdc97e7,cbfc1532-1473-402b-956a-9cfd2e398c24,38e6630a-4ce3-4e54-8de2-4756ecbffc2d
6535c2c7-33f3-4d70-94c4-ce52ef4658c2,d11cee2f-1c42-4326-9175-a670fc0b697a,a44ffab5-1fb9-47c9-b26a-1e938dbc8778
a4baaad6-a1ba-4653-bc6d-65fe68d6d0dd,6881d0ab-c01f-41b8-8efb-6b94786125de,5eebdf05-0f65-4843-a1ef-e3265f3dc7c5
b8ce4523-d52e-45f6-8ca0-e95490c0081d,508aeeec-f25a-4fec-84d4-2fa0b96308c9,5d5f1abd-1f1d-441f-84b9-142683acaeb3
2fc45d39-86af-4ec6-8137-8ae4262b6995,39eb9210-82d3-4921-ab40-d611a9325e56,d8759eec-c731-4a3d-910a-9b26cc7cd084
4ef856f8-1de1-4a4d-ac51-d42d168d919d,11b84197-4fa0-40a2-9b05-9f41c58c6281,b37dc9a9-bb77-408c-b097-ffd21455ee34
2381e0c8-5440-42e7-b8bd-dbe83b77aa6f,98274a45-0a48-4d6c-80bf-2f5d3dcb4984,fa65f6ae-f2cf-4c43-8047-275a01746ad5
5f35f9ef-19d8-4ee6-88a0-d29d0628d806,8423167d-37a8-4e2b-abe4-ddeadc068f9b,74db4407-ac6f-4ec3-b78d-4d798f3977b6
bcc6861a-69ab-46d4-9203-724d6995b787,e6e89eab-c279-436f-9064-dc0e7178286a,10a70fb4-efeb-425d-911a-43faafdff932
a6708ddd-fb54-4357-b680-bc304f7e2360,a5075aaa-96c1-4220-8538-b55472aa3604,00ce4e64-540c-4027-8381-58039a6ae72f
6ed8558b-fd9b-4b95-9ee1-8137555b761a,022f7ee5-9435-4359-8660-0a834b57115d,2aedd7f5-fccd-4ea4-9421-c557e9608425
3e2fa1c4-4b1e-4f1c-8dd6-e963127d50a2,ead4f4a1-30c7-4a8b-afd0-c63ad380c696,b11d7293-de28-44c6-9ff5-bd95ec9ef01f
18e34599-3832-4a44-8bba-bb4ac30b5239,26992a5e-354b-465e-be97-0a33187b0fd0,dbb85af5-ead8-439d-a193-0fff3d8119a7
223a5238-cf38-41d2-8a9d-5dfc3b761607,837a65b8-5706-46f5-bf92-e6757ef2d559,201d5ee4-0e2e-43b6-8d2e-55530a971a88
3a2dcc58-9bad-43ed-80e1-ff09da4e030e,a8be9650-305c-4efa-9c21-cb22457051a7,a789a011-5f1a-4ecb-a215-e3b9cc571cff
b3995a4d-94f6-4d0b-8fb8-f478c27e0605,bcd1a65c-3a9d-4868-a526-a27fb6f2a0bf,02ca7935-d723-4867-b2ac-0de209d54681
fd86005d-73a7-4e7d-a36b-1dd8e5c906bc,b524f63c-485d-4bb0-84a9-fa405cc33f59,8d2dfb28-2031-43aa-a46e-0cfc7f1924b5
b03768bb-e78b-4d0e-99a9-941004402f4f,e306dcc9-28fc-4075-8c79-9d266d5bc0a9,af112a8e-9a82-40d1-a426-b8a852727c83
d4e729d7-4509-400d-96ed-8c1ab0304ebf,1727845f-47b2-4862-9823-9e84cd08044c,dabdce87-797d-4693-9617-9ddd8ccd3787
f24de619-7881-4740-a86f-f5c5d36705a9,7dae4316-ec92-44c4-93d9-3ea9779dcf5c,5514bb2a-091e-4573-8efa-9ac187d6c77c
dfca75cd-5b87-42da-953c-c9d8a4e85ada,f2a1921f-8ac8-479f-91c6-b97122192b29,af66ad10-ee57-4727-a2b6-a908c0663354
b7f265a9-ff2e-4f3d-9a0e-6970a317d24d,8db3f23e-e2e8-4b6e-8ebe-ee663117b3c5,fb3920fd-d615-41d9-94ca-88bba20e3738
13b6ec01-3a99-499f-98e2-8bc5e84c9029,d321c646-3407-4d16-9581-8ad5ec6ecbee,90f326cf-6ee3-4938-8e5d-9314bbedfb32
afddbe72-087c-4b86-936d-6e922aa0ba77,77758082-5a57-4e87-b32d-d025fb6ec2da,2ba83bdd-9f45-45d0-a2b9-33b5aba04056
0032203f-6eda-4b4a-94fb-7570f19991e3,b156532b-3d47-4e6c-8b7d-5d08c275efaf,34637dc5-f914-4678-bb0f-abb3ad08d7f4
ec20c3bc-1ebb-4d28-9730-9527d5865106,eb5e4f1d-968b-4664-84e1-b6c65e9c44b7,7b7293b7-9c1c-4fc0-beea-413d1f5bfc3c
f4b26bc8-b44f-4ce6-91e3-704e3f6d81bf,d46460c8-a599-4987-b66f-7007416f3bbd,60436c3a-9b9e-4d57-a883-3c2e53496a8b
fcb165cd-d67a-48ac-8813-f80109ccf9fc,046a3d48-438e-4ab4-ba8a-122ad862ce6b,402adb28-b46d-4d92-ad67-21f224f43f84
fc967008-5420-4da7-9d7a-ff427b050fbd,47cb5e69-eace-47d8-af7c-60a9d907cd97,10aa1c9e-9103-4d06-b1d1-425ad8b4c73b
27be0598-3159-49aa-b2e8-8eeae7082add,5dfeaec2-9265-41b1-b095-d05ac95d9967,0a4ceb5f-7b49-4646-8ef9-ba719986bda7
05ba0a48-e179-4e86-8ab3-b97fbbe4cf3b,dc3e63a5-95e9-4e5d-9dfb-3e62a0cf35de,ec38112a-11f3-4854-9593-ba0c1fbf8a35
4a719589-1026-40e8-8867-e807198e6c0d,4dc20aad-8305-48c0-88f1-f8e1ec47aa03,55e48c50-e982-4b57-bccf-fb63898a0cfe
afc1c6b5-e1ff-48e3-8b60-97ede80747b1,e4452186-cc24-41fd-a5e3-aaf1984d3663,4c7c9a05-a2ed-4be1-96bf-e7050f31e1bc
3de6d46f-b2e3-4713-bc8f-dfa2d94d6713,be97b175-1c2d-4a60-8136-0237e83b6203,44b9ee4d-dbbc-4388-9ea8-b32f2102d330
6bec98c0-0d24-4ade-aea7-12a3c4b72724,b030ff52-fefd-44fa-99b6-602eb763951a,966a0e7e-9c1b-4272-9e9c-ac831dbeabf2
3b8646ff-2486-4e27-ae9f-c76a1505597e,d85b70b0-e27a-4eb3-b77b-8d001f11d8ec,f4e3e8ec-cdf3-4300-8a41-b6494c2adb04
a7852c7e-5699-424d-a57b-ea174bfaf20a,2af8f662-c9aa-4c6d-b8f7-4517a762940b,ac86dfb0-6d0e-4c91-9d0f-2b9c92d1c5bb
5ea1b0e8-3a2c-49ab-bc37-43e2939333e7,65416ac3-b20f-409d-80a1-7279b6cabaee,e219f1f9-e60a-4236-8289-b6eb5f52362a
b856ed52-eded-4a1f-98da-1a5a46b0db96,8d76ca23-9185-42f7-ad02-1b428a383868,f364c0ad-f2b1-4f4b-a62e-c77517f0120f
ee3d85d4-72c1-4c27-82e3-9a36e82982e5,67911c41-3dcb-43ee-899f-bde2e3ce381e,70d27555-23c4-43b5-bb62-05a867694d2e
66e19db8-85f2-4d6d-8ffc-2ee94488cbf3,c4463073-3d13-4659-bc45-71292d741a74,65d7e056-d923-4278-9f9b-91a579644a24
d06199d2-e8ea-4d92-ad50-14bdbe289c85,42233816-952d-4b27-88b7-4d31039817e5,10fc61ea-a20c-4741-8066-6ed1080ef938
85ac459a-0f2a-4acd-be16-29b026437d80,0b94b6ba-7dd9-4e27-92aa-6e9f62b2d6d3,1f7ae491-b216-47a2-bb89-a3c67b74307b
3784348f-3b13-4f2b-b264-b7f18c3227f4,0fb2ed18-3427-42ad-b454-18a4d8635ab6,f0e26ced-eccf-45c0-a9cc-4df39641be13
3d91aea0-b687-495d-8a40-78865dfd667c,5b26aa99-103e-4fc3-9e68-a182b727be06,6bd9c08e-b2c4-40d9-b003-75a1ca7f77f0
c9b14598-36cb-4a5b-b4a9-6ce625053b97,ca3f0379-202a-45a6-b954-004c5e738033,9c952ec1-68bb-4e7e-8fa3-6a1a364836b5
91012781-a7e9-4814-b213-740149b21600,d93e89c8-8c68-4a74-8adb-c352cddddd83,0ff1b2ef-e758-4e5d-a726-71d4a6951e9d
de80f863-4e4d-425d-bf50-2791cd2b9f63,1b3061d8-12cd-41df-9111-f198ab427981,b43c4d31-aea1-4a0c-b620-3401d5fffeef
54c6785e-1421-4141-899c-d49662bf9a67,f9ea63df-1590-4580-885c-cf1e56974a13,68f96c10-8189-46df-bbcf-ebd3e3b45e9c
52bad281-85cb-4e8b-ba8c-de941c38728c,7c30b0e3-8492-4ec3-85bf-0f48ef5031e4,3686da5f-0067-4c34-a3f9-0d3c750a3143
63834b28-1aa9-48de-968d-9a9bcd7b8e6d,20dc50bb-45e8-4478-9d9e-730e94e26e66,b26272d1-909e-4729-aa44-94a976055177
71565259-c302-436f-89ed-457977766233,2ea79d59-968f-40f8-8c32-d93a41b40a23,2457159d-1137-4aca-b5c5-7c52a99bad09
13804504-956d-4a5b-bca3-25d1c80a171d,824d881f-54aa-4819-ad3c-3d7ae7771f29,12a3e9c5-97eb-42b7-9d10-e8e8d66f0bd9
3d7f17ee-473f-46a7-be5f-280ca566f023,a5539485-4123-4f08-b9fe-6843e32f284b,5797c0ed-9563-4f54-82b8-c6d91786c0ce
ba7f405b-741c-4840-a481-4260e9eadc8f,e37d7704-1911-472c-82c8-50ef297efe48,062d6d3e-8c5f-47ad-ac35-6d5bf5795973
7178c32f-92ca-44bf-85a5-664e7f9b7868,13c8c230-9c29-486b-b0dd-f7688fcb77c3,143d2245-9a5c-4ce8-aa80-96e5e6df9e5e
d9ffb459-cc7c-414b-8748-9ac69d1d6d23,a0f3986d-53c9-47db-be16-8274aa68385e,0956f2d6-72b6-40ba-8dcd-df5d8b94a55c
c49ecf05-bce7-4423-8f74-f38dc7f72b77,bed5ea77-fbc3-46e1-8bf9-cd8217720899,a39fb359-5970-4423-b6a0-93e9a1c0d529
16505df3-0f2a-47b9-8d25-276c2378fdc3,b724342a-90d7-45ba-a192-1317f2ae10fe,74283bbf-57c7-4d36-a311-cdf7bcd7e71e
6df1070c-e4f4-429f-9a81-0f4ce87d6b66,91a5e579-b063-4b7b-9383-d9a04606c3d3,ceda7e1f-b55d-472f-a047-3e52f4bd4e91
98802a99-2955-4167-b75f-941ed66053dd,1edd1f89-d0f2-4906-9936-cc99225e7259,9d5b5c8d-e41f-4a60-9546-74f30c81c841
7e1a657b-9d25-4e78-b868-dd16e2701267,bf1c07f1-8eef-48c8-8721-b616435188f2,46ae1429-33eb-401f-963a-912b679b4716
03ee4a99-5021-41ec-ac9d-272a41555c8e,5be43d25-d49a-4eb1-9f87-e4e11e659472,e9ef735c-ee8e-4e4f-b05c-0e4a87420727
9d24b1b5-e4bc-43d1-9d9b-19f722a6507c,70da566c-3c02-44c2-bad3-af8e3ea4dbd0,a4a8d6d3-35b0-4f6f-96a7-746f651fdc42
bf6cafc7-e5eb-418c-ba03-1794032721a6,864940d6-660c-437d-a903-ac79987abab7,a61d05a5-3eb5-43b6-b637-5ea154e40114
1aafa3b4-ffb7-4e56-bd09-c38e1ea38a06,76ec211b-5d95-4bd2-a737-3cd3520a8c22,a21c5bd1-0b84-444d-aff2-64c9e161d065
100ae5a2-1d9a-475f-bbd2-71ac650186e4,4ac9bf12-e183-44ee-a173-c85c7c83570f,414034f2-5bc4-4b4b-9a9d-3b2e5202363d
29a3447a-d249-455e-a739-6e9108b865b5,a2da65c2-71e0-465d-b828-c71765925434,5334adc1-738d-4a39-8197-67c08ad5b1a7
043df0a2-1b11-40c1-89c5-44d81eda162a,d2b327be-f173-4087-8d43-13bc2766a3c7,fd55895f-7de6-42f9-9d82-9bdcf91116d0
5ca5f37b-6a03-456c-be37-8a876a6f7708,b605ed07-5fa9-40ed-9751-8b8579737ace,9cdf8d96-a3cb-4f2b-9031-ae95f7a3fcc4
7abb27a4-ed35-4c54-a17a-1383353e1f15,aaf4a9b2-8dac-4a07-8b66-02dab788fa50,e7da0970-cc84-4cfe-8083-3beb2c138c3e
0e1e43a6-44ee-405d-94e5-c8381d405880,77ffcfa1-81f8-4e55-bf7f-f0129ac35537,01e83612-47aa-497f-8f09-0374f1a0a728
8602d863-5c48-4174-80cd-0e5ae95c0309,7e932d9e-1344-4e36-babe-7f5920e89077,37ffa2b8-f88e-43cd-87e2-8ab5a3e0c683
c929a4df-6f89-4efd-9ebc-f0c709af6659,99995f04-07bc-4fb7-897d-38c80af541c1,c3366f87-1fc2-40ad-a858-c9037888c9c9
7f0c26cd-0f8d-4562-9c49-7dd1c2082679,e3d399e9-19fb-43d5-8e7f-1fba3e894c6d,919349f5-f86a-4d77-90e0-6a30ab70f509
a231fb0b-da7b-449b-843f-f1c729370acd,49752d36-0ed0-4035-b0f8-4c4201f38e78,86476bb7-0519-47b0-bc30-277b6819597d
318a5ede-7a40-4d9e-9357-6887de854d3e,07b7fd77-99d9-4015-a3a6-cd130c784e6e,4206b26c-53df-4dd3-b754-4de30cda1c0d
8fef533d-2c8c-459b-81f8-4742f6000db8,14965667-04d4-4f34-99f9-a330a67fba4b,e32b3d74-037c-4642-9956-f4ad83e998ac
797863b9-d13a-41f1-b901-acacb988f674,41600669-94a4-47c6-a14c-4898ef0bee24,8b6e5e6d-63a3-462c-a4d6-147a4e3735e0
6e89ea67-a6d1-4a36-bb13-dbca76402565,cc45d120-d4e6-490d-b4c3-6c077fa0bebd,52d31259-0dcf-4be8-82a8-354ab3a632a4
5bfe6c7f-2d3b-4051-9814-69a41ed5cc1f,c370b6f6-fba7-4448-b8e2-cfcec11d6363,d6346e32-a1e4-4c20-bad4-c514a1e402d7
c9fa94ed-9495-431c-b494-86d5ea7ad56b,c4b7e09c-23a0-4622-a06a-03f82ad92ab5,4ff53d7c-af02-4e23-a1b4-c930c55f6234
267af0d0-51c5-4dad-bf55-a5442e1948bf,1acaefa1-3efb-4e35-adaa-b9a3393c6b66,e9863ddb-2ed0-4c34-8fe3-d715bde05a5e
127e085a-ed20-4342-aeac-cc27b12a5c62,b52614d2-d97e-4bc3-94ff-f67eb3e8d33a,07c973e1-f99e-4bd8-8818-bc2814a4ae30
2d79d15e-3c69-4c89-a4ce-36e485a17a1d,7b2dedf3-584e-4b0d-b246-192d15752afa,aa817572-178d-475d-b654-e38a552ef269
9fcec98e-03da-4d6b-a66a-269181731201,da8637f8-4791-420d-acca-bdf2e5ddb7fa,a7f34d06-29d3-4b91-adc9-5769ac0a9a1d
9b6e1870-1e22-4f8a-8f3c-8f32fb144c18,5148c476-db0d-4acf-a831-8dc0a0625127,40fb724c-cfef-4149-8e3b-d700f8c71440
3ef11f16-1bca-489e-90d9-e4e050537f9a,2ac3548c-fbcf-45bc-822d-752a24acd901,ad1defb5-1198-46e8-8fdb-4f6bda5fe371
6eec93a4-21f5-44bb-8ed6-c636b8d0d65b,06e6479a-0331-40d5-ab42-4be274ea1079,b5aac9c5-17a7-4729-a15e-fb77f552fbf6
cf072c58-9d10-441c-b84f-90bcb264b2e2,7ec05f89-34e4-42fd-84f4-faf99ac2d1e0,e386d337-2232-43c7-997e-a530cf239ded
d190bbf7-a9a7-47f4-bda1-561abe41512b,0199d796-6654-4ff4-8802-bf2ff91f359e,835b224f-24ec-43ee-8e5d-5999350227a5
42630ec5-8e31-4a15-82c5-b375634ea0a1,d916a5e7-74ff-4cfa-8164-5aa102638233,2a5df3aa-8f12-4dc5-8d23-832d7a62bbe9
516d4376-07b9-4daa-b86c-579f76a70685,89c51ea9-0602-4552-972c-99c1b33a3d1d,ebc9425d-b092-4d3b-98c6-2268ece67c6a
c2a3f2e0-791e-466a-ae45-d771fafd3e6b,534c5622-f3ec-4afc-bc69-baf409cf0c19,d3de904e-ed6c-4e2a-ab16-a8f43c20cf45
6596fc4e-8272-4e41-8908-4a5d9e857478,3869b697-f112-4a51-9785-294d4cc28953,1bb7bd07-5e78-420c-9b1b-475e61a17cdb
864c6cd5-afc2-43bb-b24e-1f205ef94509,d91105ca-779f-4d71-8195-599c2831a235,23dc6ab5-3b60-45db-98f3-a2efcbc5986d
261e2f06-0df8-4250-9a46-b6d43969f17d,29ada10e-c5e1-4daa-a2d4-dba19483ab98,5fa4913b-ba1c-42e8-900d-df53369bb271
ba73781e-b5cd-422b-98a8-fdc8924e141e,7b44eca6-750e-4e1e-94c6-a31ade023f1d,d1cf2f62-4b7f-4f4a-8a90-903e599e0f1c
11a7ce75-9115-4393-8d60-012ab417088e,31bd36e6-98be-4f33-b940-25f0723b4137,41af6489-e41b-40c0-831f-e61c366049c9
1f4d0a99-df66-403c-9520-8ee8a1de2a81,55cf1c0f-5561-493d-90f5-5eff6d06960c,230af7f2-8844-4564-8e0a-948bafa093d3
40f7e491-9d90-4d61-9c25-50bcfa5398da,1a7b2fd8-3cdf-44e2-a1d9-f65f9726ab26,5b439095-e5e7-4c28-9abc-e5dd7566f3c2
1654a71b-8ca1-4c16-9ff3-2b53b6768238,9c3b0b61-51fb-43e9-b328-a4d112652ef2,3eefefc1-a409-4d77-86b3-0c23a7eaffd4
0fbd21ab-c076-4843-8073-ac915361c3de,439da8ab-6a7c-4a85-b5b1-fe64d18ccda7,f07e6c7f-ccc1-4ae3-ad6e-03ef6a2b37c1
51035762-ac6a-427f-91e1-d0c0aceb47a9,0ccd8094-cb9a-444f-8f3c-39f04b38e6a1,aa93353c-21a2-4f95-9cc3-d2d6de293c1c
2758877b-cc58-4a8b-84c3-a95fd68ea7b0,d349fb95-eae8-4781-b846-da6471d00450,50aeb4c4-bdd1-4283-a5aa-11209af2be04
e6f9e41f-3b34-404f-b6a3-80c6654726a6,e6bcba7e-7c7e-4752-8b2e-0e27cffc3636,54767085-a51d-4ace-8fc1-6422cd6254b8
1ad7cad9-74e8-4d10-a1bc-d04b1d5eff47,d17ba1ec-30ef-4e5f-a77f-77490a5f0499,5a99e1d7-d2dd-4938-a370-8c857c5943a0
d5511579-e366-4fa1-b383-468a5b136813,3a3c5a14-7ab3-44b8-a138-4852bbd91ec4,d66b9d4e-2e2f-4bbe-bbde-2c97aa96e8f3
d935b7a7-59ab-4525-875c-ec06959a517b,cae694df-70c6-44cd-b570-4c2b74896eaa,a74882a6-5a0f-49bc-aaba-55e30a250b35
2be9aace-5ba4-41d1-8e0a-cc4620ca3850,ca147262-d360-4cf1-94be-28ce681f4bbc,ecf7d137-c269-4edc-98b6-eb078210a164
ed9c5af1-099b-48c3-885c-a22169b86603,2c9bbee2-33e8-49c3-8316-9db668d18c49,f3b2086d-d823-446d-bcb7-18f747d41d04
ec609b7e-b968-47fd-bebe-7ad662f909c9,4e154c9e-90fa-4397-9eaf-ed54663db4a9,ce94c81d-386e-4075-b51f-81972dd078b9
8fbf2036-fdd2-4701-9d73-82572a347d4f,9acba728-f8a1-4b81-9b66-e7102ace800f,f59821ec-3225-4b7f-b6d9-30218c6ce411
8dab4509-8844-40bb-aac2-aab23009ff5e,85a2454a-9d8b-430b-bcaf-1d54fe2b4c37,69c45a2f-f98c-44a3-a536-cbf25877813d
e1a9838a-8199-491e-9444-e1c82f856d14,1e1401fe-3c3b-4df3-b77c-a8bab0481599,7a9b7c5d-38f6-42f0-932a-2ab6ada8830f
6b877ca1-c701-4550-9b42-89de80fb07c5,49b512ec-0567-4707-85e4-f591e12aa314,fcfd0a03-4b12-47e2-9b2d-9c20d3ecd19f
121fb456-38d4-49c7-81b2-dfd86a361472,35a28e93-5321-4edb-a283-54a6fd4a2f73,d08ed096-ccc6-48cb-906b-6afda6efbaed
3a5e3887-5c9b-402f-aef5-21ce531655b6,64990f80-eaea-48cc-afe1-93227418bec1,bdec5237-21bb-47b3-af08-4f681f3b320d
7efe7a86-6a97-47c9-b123-d8f918025a1c,84d61a36-145b-4cc4-8be1-8ba75efc80f5,287bcf5b-c251-4bb7-a392-19c84dac1e2e
8a43e32e-cf2d-4bb3-84f6-dc21f345bdb0,775e88f7-4d8d-4ec3-88cc-10ea1fec6cfa,027b60e9-f547-4fd0-aa07-62d53d2ba0e0
35db4596-6956-48c0-9d33-5e092a45606a,d58879f1-9e4a-4dd4-9c67-ccc1c692425c,7a03fe79-042f-4835-bb45-25e6a9389115
3070a898-6bbf-41ce-9a0c-8c0d241f3e77,1336c974-4e35-4c22-beb7-373fec7aabc7,17f8ce98-7978-4b04-8c5c-ae47a5c86c57
bda5d3cf-acf4-43a3-b725-aa4397574ce7,08ff7c8f-0dda-407f-8c5f-82012f4c9131,699f0bff-06c8-4c54-87f2-793ac7385be7
f7923209-b672-4ae2-986f-3a3123701726,67a1c9d3-ca4c-439e-bfff-23a7b17e2908,e0e7dc7f-3b35-4744-b0d5-8b7d942ad2bb
00df5d74-10af-4819-8394-562f5e52f183,72506477-3d0d-4479-a69f-852e82c62411,3a742d14-67c9-48ec-b49b-08715f4de65d
80a5be0a-2aef-4f1b-be2b-9918be05c287,0a70af4a-0962-4a01-9819-7ea613050ea2,b539fb14-ae6b-4725-8e48-8988df165ae6
3c44660e-005b-42e6-bca6-98120b30c6bb,60ad60f4-bcc6-4767-b897-4ca42d9a63bb,4c30a5d3-9c7a-4044-ac15-337c88665144
d1fd6b64-c0fb-441d-abca-20ae802c0923,4d90f6f1-7bf6-4679-8d66-c37a6892a06b,b98de6d8-4674-423a-84a1-58bbb2d342fa
14f3e1e8-0a43-4c64-b712-85dd0fee04fe,755fcdce-0a33-4133-9d11-c992e6329449,bb09052a-8fbe-4de7-ab0e-36f7e3948713
8f979240-af08-4166-a8d0-88badd029325,5a79da35-1720-4f66-a31c-65bd3f0919b2,9843f97b-b804-49c8-b786-de09a65875cd
7854d44e-c71c-4cd0-87c8-f6ee57c9f24f,f37fa3aa-3634-4893-96c1-e64bae6ec720,7c76bc6b-f3ee-49cb-b829-4f1418367e4a
836acce8-87c2-4718-a476-f8f514a81c95,ad351748-b039-455a-9634-09ba04645493,56b1cf15-e820-4feb-9e44-41ef77dd64f7
2dc61caa-327d-4132-bfca-86d3e15b5838,eac39909-2c82-43c3-8349-e9511523a58e,ccc76108-a49b-428b-8f36-201bd84db8da
514fd772-8adb-489a-9a30-8d043cf2abd9,7aca5f13-bec2-4683-9f71-f5f5ec9ad169,6abf40e6-1182-44c8-9fee-a49ccf86fdd4
3f497bb4-c13a-45cc-b87e-f5017882b285,41f960d3-5632-4ba7-8154-fba285dd412c,9863cee4-1ae6-4461-a3e5-0b11aaadd66b
990e4eb2-b794-4ccb-86c1-6141f6589e31,d8ef5c0e-1212-47b7-a2df-68080ef38a49,48006594-2cec-438f-adbf-39fc3491cfc9
2740a5b5-4990-48f8-b140-77d7c4372086,f7eea89e-9240-4214-aff2-6dc4788e2774,3cf71d44-eca7-430d-9218-7b756859c208
c3dd560b-b040-494e-8485-6b9214dbb417,a37c872c-e301-476f-9bd8-d4c5671015f4,01befbac-1730-470f-abef-1174cec4aa8e
5a85aa45-1c4c-4a82-9ac0-b3f1ac824625,393202e2-b63b-4bf2-abc9-6230ec403f4f,81b1e8e8-f523-4d4d-bd81-3a192fd1c0ef
08fd0280-26b1-46e0-9c1f-c2dcc2baea14,fb2c0754-1004-4607-8a81-93513f38844d,fba459a6-d501-4649-bfd7-58066d0678e4
7c6bd808-a7fc-4a44-b2d7-a63180514526,67b45c04-1818-4ff6-b786-1f86961aa2ca,498a9d34-1ffd-4ad9-90a7-8dd1e9280f99
00ed2c84-494d-4f09-ae17-a6db5981febf,0116b2e8-4f2e-482f-9129-5f038fef4b9c,8ac5a3ca-6d01-4e29-96b0-bc1aba79381a
16872a5e-f080-4075-b979-1ce475484cea,cd021b76-d876-4961-a30d-2515b4efb7c6,bec15770-1ab8-432c-a72c-8fde3d07decf
b1cc011a-82f7-40ff-8d66-6541c44ccbd5,9453a5b7-4935-47ad-b1cf-34dd1b70f26d,da82c7c8-eb95-4e61-9492-c03a44e86288
a11ddd8f-e95b-437c-a081-33efbba456d4,7da70252-452b-4482-b5f8-287639610d4a,b9c6390e-1463-4adc-a397-0935c03dd70e
867bb025-af6e-4d11-9651-4cc04b553683,1e0fed5c-182d-4918-b90e-3fd66bd0e345,6f944ff6-83f0-4e02-9d96-7ec3ff45c7ee
b8e0d829-1efa-4a03-9436-5b658ba6f231,87dc35b2-9e8f-4287-bd1d-b437d33d9f1b,5848ef94-c5ec-4ed8-9426-85cd08f09438
5140ad37-4770-4202-a461-aab0c1d798f6,a56d574c-f054-47e6-86a5-461a4cc14499,83a64437-ae88-4e54-8662-44b475cc0ee2
8a5f025e-8011-4791-b1a1-c75e272c3ccd,cffa8300-11bc-47df-95b0-b20cef8f1e9f,621a11a0-31d6-42fd-aaa1-787a9661b06b
ca5ffdd7-f495-4b64-9235-e7520a89069e,5404ecdd-c676-4f2b-aa7a-bfb9f8106006,68f4e58a-b717-4fbb-b36a-4dbac3c45fd1
683ee5a3-aef5-4475-88ef-fd388b7a804a,cf8bb79c-5144-4061-8724-b78eca2f18df,a2784ba8-4e28-41b9-81a0-9db3563e431f
db2d39d3-6a4f-4275-b3b0-28220ff3710f,58b6df96-f44b-44c2-9b87-386275d24dc3,222dfbcf-2e4a-45ba-a70b-0438c316283a
92ab2061-657a-48c3-a032-7052d47fbbe0,f47ba0bf-0386-4dc0-a069-c8eb415b5561,897f6962-72e4-4084-b103-2d1abffeeb84
6c6f2f70-13cf-46eb-928d-ed5e3f7c3d69,c97a8913-f8a2-4b8f-96b0-a629a86deefe,999a5b7a-a3a1-4486-b8f2-dcc8303a349b
aedf6e1e-ef62-449b-b0c5-edfc46396ebb,66c71d33-09e5-4499-b782-e16579cbde9f,8c1d1295-6d61-4956-a059-540d43ee59aa
679b6a23-a8db-470a-b2c5-d5e513725c4c,aa838e3e-e507-4aa5-9bbe-3ee7da83438b,fef62492-0c9f-48d7-bbda-ffbf9bfc1aa9
b96174e8-540f-4021-a79e-26b374a643ad,a557ddb2-9918-43b6-96d0-14b83fa324b3,af55b1ac-fb13-48d4-aee9-88971a34dc73
c9382ec7-7f01-40f3-9314-56d0f311267c,0ea81a31-4e31-4cc1-b261-d30aa7285167,ce41b772-9ec6-4b9d-bb92-12d294ca39ed
a527589b-327c-4784-8d78-6dbef9504205,6bd45b55-9b4a-4247-9eb3-678c9d4096a8,6522468f-7e87-4764-bd3c-1b9fd0553718
5906cc84-ceb0-44ee-a6fb-0e8530653e59,deca6a48-afc7-4ad4-ac8e-b80c62c550cd,2b4277fe-aaa3-40db-85f3-b6811de657ef
181d678a-6fd7-48e2-a83a-f5d07a1f237c,55231f1b-9513-4636-b454-30c2b9a0d151,67a6eecf-6f54-49ed-b06c-d3a6dafd0568
ee5de129-7f79-400e-bb24-d15ddc9f688d,88140429-8ff2-4394-950d-5dbd2fd43a7d,c2547394-e8d3-49e4-ba38-f0026b0b67ea
7f05c935-7093-4753-af21-456cd2ded6af,f0a93a12-5b50-4a53-9ec4-4bf1802d061a,03950728-c920-4087-ac1d-8cbde1524d6f
07a71e1f-2dac-48d0-8677-70c9120f98a6,45f626da-83e6-4973-bb73-3b0ce2f6eed5,24f58684-0087-49bb-a770-84fb81e7cc1f
570b4640-c154-4bb4-98c4-2a15d8a37c01,bfa1fac4-450c-49db-8cb1-64a63f53afee,e7c5a48f-39c9-4864-8987-691763cc8157
5a421906-5180-4da4-8fd4-5a1184c252ab,ff5b668a-8b51-4a06-9dc7-bb374c6eeb6c,7d7e3272-0855-4936-8b4a-01d9de386619
da2ea969-eee2-4d37-bc8f-a8830229ba2c,1942370a-43a1-40e6-ba88-cbe41988a9b9,f4e8c241-825f-45b4-8b19-2d7e8198ac96
43f3a3aa-6217-425d-8b6f-b79c01be1a00,49a1f8f2-8adc-4998-b98f-628377cbd589,0d779a8a-5949-4573-bcb4-24daf5675cb5
02e84ff7-94aa-4015-852f-27e3a636f947,7d0457e8-b9d6-4cb8-a5f8-0884b6760181,19c27eb0-fef2-43e3-8bed-02ca0e659f67
b1684bf3-34e6-4e68-a61c-59f93435fc86,8b9d5932-a0af-40a5-a86b-08c52fdb403f,782331a8-e701-48a1-a599-b93222ee33f7
37964f83-3950-4ae5-a562-929913f26fd6,91a3e7ae-28c4-4462-8ad0-2e8004023bae,45bf088f-233b-450a-9d7b-b61e33dcdef2
385663b4-6aa8-45c7-af26-4f43f0bf020c,54408945-c303-43f7-b926-23f4f777678f,f57713ec-6c64-40f7-93d1-d28f879c2c4f
6c97ac4d-84c8-414f-b17e-74e2f39f17b6,eb5e1beb-da80-4450-9eed-e98a76536354,62c15f31-11f9-433b-9172-3aa901e06e55
9d91331f-249a-460c-8a88-524f730c7845,bb386ffa-5eb8-4645-944c-f26ddf231cab,e1e45099-2a43-42c5-9d6e-97bb18cb8293
40090e10-7f2f-45f1-845d-55ef86fdc60b,565334b5-ae5b-4394-9c11-e44df839ec54,34baa8f6-9d38-453e-a9d2-c7ea3b930ffc
07bbf606-051c-4eca-82c2-e3f9a43d9523,fe9317cc-e766-451c-a7c4-c7255c02a02b,fb1acad3-3327-4e12-b630-c808244a1cab
9064e112-8219-4c77-ac5e-f08a0678e0c5,fa272c33-4eba-44b1-aa39-7eb5d52f7bcf,b4af079f-1943-4bb8-a665-ec5111d30bd0
686eb976-c945-4fe8-931e-e65527d8d80e,df9295cc-0e58-40c1-899f-183bc27c2079,4b23d9cd-3c9b-4b26-8421-01d30f36f14d
3cac6392-ab42-4eb2-9786-48212fbb239a,ab80a2a1-c588-4ef3-a74f-2d5fa57f6a91,85cd2889-4783-4a06-b8f1-c9c027012b73
b2bdea9f-d8cd-45c7-abb7-3bf3a7d8b19c,245a5175-17fa-4d1c-8e7b-2ed81f07d0d5,075085e6-cb54-4d08-93c9-e4b2b41b29db
d26d5724-e455-40fc-a3db-1a5a5e74e2b8,406352fd-413a-4536-b1a2-4267c0b63c6e,ab800a8d-c33a-46d2-8651-6d710a05d035
e922c69f-05ef-4d7e-b43c-2c3fce49cce0,511373aa-f323-4143-b3fe-6fea2b241389,8321e915-9656-412a-983e-2a6e4c93427d
fadbf6ba-a915-4fb0-8aea-d130942e3dec,1f547747-c7b8-4cb4-ab3c-5b0e2efd4484,0a5a55b1-4ff6-4d7e-af29-66212b4ed410
e606b000-ab2e-4dda-a111-3abed067aee8,1a27a7e7-ef3b-4a9b-bb09-0d099999621e,128d902b-a9fa-4e8a-9730-9eb0a56cd1bf
a4ffad05-66fe-4b6f-a62d-1f55d9b86fe9,fa33e283-e664-4330-8426-7c5040169c14,c317f9b0-ab6f-4d66-9f5d-c59f8263e1b4
2f4abc5e-30f6-4947-b812-36d615f70997,88a015cc-95f8-411f-8450-1d221e6c0dba,e762dbb2-e20a-46da-976f-fce8f846fcfe
dbe38958-493b-44c9-82f8-ca20d520b6ba,da77e7d5-8d90-4545-8442-dd6717dd0ba7,5c8f8016-ea73-4c92-a584-a07acf6c6f2b
5be2505b-dadd-4145-95f7-663c3ca4208d,4544743f-df1f-434e-9e0b-d114499c54c8,e6f99bac-e952-4df3-97bd-5c308732c19b
4935a233-d6d6-42b5-9249-ac7f7755ba74,bf3a0893-a9d3-416a-9916-72f928eabd88,6c859810-19c7-476a-902a-63a8b4061750
facee904-0c8e-4455-8c13-eb6cbb8abb03,d1739e6a-080f-43aa-9524-ccae1a4cdb24,2e53352d-fa5b-417b-9b05-2ed6571a844e
a36e367e-cc9b-45ee-8336-353f78e7fb19,1202749b-261f-40ef-8689-19e863c33f01,68df32ac-127c-4915-bf97-1e53d78483ae
dbb99e56-1a56-4267-9f22-5962a6682e2e,9805956c-8496-47f9-aa27-c8b21a0370de,9df00b19-69ce-4567-afac-25ffdda5186a
c506bf58-04f0-4eae-95e2-b64ed25f5249,a51d1a86-fafc-478a-a0d3-8b5e0a6cffca,6147b367-cfcc-4e39-85ef-ac02c823115e
742987dc-8308-498e-8dbf-fbdb65cb7f3c,8b283fde-bf2a-40b5-aebc-f8817bb6addd,c7a9b7a6-0cb3-4000-9082-eb02490f287f
3440488d-c112-43a8-bd9a-e00db8e924c2,ba26cf88-e749-491c-8873-dd2be9b7b1c4,8f91a195-250f-44a4-acc6-6103861a256c
8fef34e4-449f-4a33-bda8-7379abdd8e2d,e38ebb7b-9809-48f9-a5fc-b9beadb37aa1,52597001-5fef-4926-bdc2-88de1897d729
ad9ff9d6-b413-415b-ae59-7139d90ec399,997e7d9d-18e7-4c2e-a318-3c0c1cb22f98,219501fc-d1c5-4416-8323-6319ef42850e
15b2643c-3ec3-4653-a51a-745ca86ff629,8934c0d2-b155-46d2-9c96-72dba5f367b2,d8cccc32-4d64-419c-a05b-b3c4134bc0d3
60179a66-51f7-4e71-b0e5-3832dff4c76d,16c53b56-f655-44dd-99ec-db909a9ccc50,2faa169c-5707-4203-bde3-650b0759df58
25a2bf23-a40e-4d76-bfcd-a0949635f7a6,44b54321-3cbe-42b9-b384-eaa9cfea6192,fc34e18f-e715-4a36-89ce-d4eb4ba663bc
8b72db34-848c-4061-9e95-23e7422216d9,330b1fad-d174-4dd8-8cd8-b5393ca31230,dd0d13db-98c6-4bdc-aa45-a395969ae6d6
5a5c17df-abc6-468f-b229-f5a7b1fe0fbd,ebb6f3c4-a4c2-40fa-8414-d422fc1d09a4,c8e7656e-bb15-462c-a4ea-36d2c39a77c3
77474dd7-e80d-4349-8d40-3ab87569dd7c,f3a0bb19-80fe-4f07-8a63-cafc8178c2e5,97cff020-8317-456b-9ab2-cef031e538d4
542c5cd1-11ee-43de-aed2-f61df749b2ad,6518c874-ac28-4b71-929d-5ccf9be80a04,be378cec-7032-4f82-aa8c-094e18056df1
6a759a7c-b440-4fcb-aeb3-e2a9679f32a6,972ad2d9-1170-4ad7-aba6-f9746c2e9a74,fbdd968a-277c-441d-8729-1e0af8876df9
e4d51853-5299-4234-84ea-211d2f40f78c,a251c121-68ad-4a53-8ad7-84be1e05de82,927f38d7-af0b-447e-b86d-c0840285743a
b824b8a0-1b2d-4e79-9f48-80be57642664,e619c169-90e2-4e8f-9265-1cae8ed6cb17,78f45ffb-114d-42f5-baac-23727a5cc43c
d4182b40-2b5d-4e16-85c6-395f5dbe9242,a9a28fe1-4aa2-45ba-a5fc-cf7a0ad2f023,5ec1d73f-414c-4803-b38d-d45c78c5e84c
e654bdc1-33a4-4da6-ade2-186c0677e375,aa9c1071-6cc9-49b6-b3f1-477d8ec4ab46,e1b4c75a-4884-4b02-9bfb-92a7b3d378da
742ed0bc-cc72-488e-9fbc-d9e28e3a16ea,be198e18-d919-471b-ba1a-3e410a9cb581,e1b575ae-5e27-4136-8c8b-2bcd327439dd
464fbfd2-6668-44a9-a592-bd5e8fe72bcc,55aff6a9-e395-4c71-b69e-49c46ab6880a,a28cb44c-f67b-4e13-9481-547f4b09dfe5
f60e596e-493d-4cdb-9639-c1860f476ff3,0e9bb9be-9bee-4302-b174-69be46e5e134,460eabcf-3766-45f7-bb38-41006a29bae6
756c1541-a109-401a-a1b5-dbd1197a7520,7e0b53a6-80e2-42ae-8209-3fe17297ebec,26c43617-fc04-4501-bd83-0cea3d5f5468
194dcf6d-b0c7-4547-bc4d-c26f7270cdfa,800057a6-359f-4f43-adf1-ba2ac7ee80dd,714af01c-c0ee-48c1-bf6d-5de2648f013b
3ed55494-9541-4e9e-ab78-7bf39741ee9d,efebdb7c-2ac3-41cd-9be8-ae44de276a6a,138d2722-29b0-465a-ab19-696bbac628d4
f5339486-dac9-452b-aea3-ad8de31f9d32,cbfd93e0-8a29-4505-8805-f9eed7298286,2893c972-26fc-4623-bd6c-945211592a83
344bdf10-1bd7-44c1-8b26-ce93f802d6d2,2cb21950-5fe2-432a-a5e1-f143b80f11ed,5782cf43-42af-4e1d-b717-665d6a022882
ab556ab2-c884-4df3-8151-b9082d95a173,75ebb4db-50a3-4588-b0f1-2c313215d02e,1577603d-fc50-49eb-8a0d-61f6894e83ed
b11d9ad1-e2ba-4417-b644-f3944297397c,69917942-318e-4f7a-949c-68aef9637cb2,367788cb-d51a-4935-9eb8-00eb9bf3ab57
f7464bf6-8e8a-4c57-b8ab-88172c844def,789cd782-049f-444c-b4c3-d3f8f8f94c27,9f9298bf-3dc7-4ec3-8fb5-b801633b74b6
331c4d6c-28e2-4980-a381-dae315608eb3,96ff72c7-c522-4fab-a67f-20af27ab4196,89131b93-5d65-416d-9980-fa280010c627
9a0fc365-574a-478d-a5a2-39fac2207055,276a4deb-de6c-49cb-845f-31d42e43acb7,6e556cf7-4640-4a92-a6be-a097b2380246
fb4949a2-18b5-4841-b3e0-b07978619d20,234b5f14-1e87-455d-9128-44808c1daa83,4bc86cd7-7c79-41be-be7c-be0e2ecb2a44
d8eec72a-e344-481f-80cc-15d244a395fc,679cd7f1-e72e-4f43-9e58-81d55b5b2d77,a368c51f-8009-4546-a15e-c505ae71b610
8096e889-f6a2-4b68-b836-79e9d1503165,d90468dc-fd39-418e-84bc-3b55a08c03a5,3f3e1666-6dbe-441c-87f1-5c718f26fbe9
0b1bcce1-20d4-4013-b6f0-75c6623a2bb1,fb21f600-768d-401f-9e2f-d22ec1260f74,82780793-ee23-4d2c-b456-63dc5192f2c3
f356ce32-1105-4b66-9078-2950932bb8fc,2dc7a1b2-efa2-495f-9308-984789792858,f3ae8787-ab59-49cb-9ca6-f8fb147984ae
e9d33ede-b1e5-4ac0-9081-654446efc3c4,6f88fedf-d2b8-461f-a7ee-5b3a212a35a6,d4135524-1229-4e8b-9eb2-9165b7ae05b1
e8d1dff6-fabe-4780-8960-3a27964d50d1,e541c27b-cfa8-4d4a-a178-373e6ba8755b,0397ebae-d138-4bf3-93ed-d5f0e9296714
a46a7305-0242-4052-9ded-077db89d346a,9200a44f-2cb1-401c-b6f5-b97a14449b5c,f197b86f-acf2-41c2-8e6f-855e381bd5d3
10351f95-8665-462b-b1d4-daec2fc9909a,a4bd88e4-8b14-4bb8-ad10-378597fc0329,f94e1a06-a542-427e-b6c2-278a5dee6d47
46f9f70a-f55e-492f-b1c0-bc04d2f82867,9c5c26bf-9276-4243-b3bb-726569040aeb,3600b22d-df4f-48cd-9174-45c4b32b9c52
1e4c3d11-33b3-4165-929f-a7e925812650,2924f24c-ee72-4764-ae29-52879a919144,100b8e98-a88f-4506-93bf-0511ccbdb5c9
7b2b3516-e4f9-41f1-bc65-91b2606ff00d,bbd0e193-3ead-45b2-9d12-e652be6ce16b,74e865c8-a3e8-44b5-bd95-dc2619a640ce
4b13453c-048d-4b99-a2a4-1b44c5d189e1,db49f5c2-2a2f-4d05-b02c-93295c7023ab,fb9617ab-c6d7-46d6-b7e8-19a3acc68708
683b5565-cfa9-417d-ab2b-0095b7bbd40b,cabd95bd-e813-4a0a-913d-3f6f2298a246,1c351c69-c3fa-4934-a28c-49f2942eea4d
a9e6a1e2-00a0-4dad-bc1f-d4dc0fc76cf6,2045e6e4-13bd-4dbd-9a13-88a0772b1ffe,ebb321e7-0943-4f60-8f39-eb7b0f9ca5b5
b64e2195-42ff-42c3-8851-ce12d4086de2,69097ebc-37e0-4f97-8214-e7727cf6e673,c1e11fa8-966c-46a9-b0fe-211353895d3c
abb94133-72e6-47d0-a13c-272120ec67be,bdbca505-cb7b-434b-ae85-efea28e8ebd0,5a1ef060-5f31-41b6-afa8-0ff90e8c97ed
27032c8e-94b9-4c6d-9a5e-81cd3c78c722,5c0ae4b3-4a67-4f05-b63c-8727ceaebee7,fabb9113-4f00-4078-89e6-c91b91a9293c
b6bb574a-6e6b-4d91-a854-fb7f8fcbbc4f,4b1490ec-7a0b-4d9d-9138-47f78a9dc9d8,7103c85d-e42a-49ac-a901-7a1bd60d7944
e8eaa4f0-b440-413e-8447-c206060854de,15122699-3dea-45b9-8a6d-55bbf32e866b,984c4f49-b7de-413e-95ba-3e05027607e6
f72b0d51-6af6-427b-8404-c06d93f8235e,901b87c8-479d-49b8-83e4-d4272d1b79b2,433508fd-df5d-4c44-a89f-e526884435c2
4cf52a2b-2ba9-4e13-a90e-bba109ddaa93,09be4a47-d1db-4008-952e-1f18d658712f,19e4f105-c090-4ebb-a40a-1b2710b3f46c
58668149-dafe-4073-9ad2-d421651148f7,dd97f5e4-0903-46e6-9872-92973b10485a,f7cd75d5-ae71-4d24-ac32-d7416a39f03d
82009255-e134-4b6a-af17-75509e2b206f,c180a860-d238-4ec8-b9ff-9564d2e6f291,37085b3e-08a1-4179-9ad3-cb7565834189
99b6c061-3b66-4694-85e5-b89fd9911a55,deccb1d9-b7d5-402f-abdf-6ed254f85e5d,00c609fb-eaf9-450b-b7e4-5b53083f0cb5
7255da83-fbcb-4a5e-af2c-e3c1591ab6f7,154f860d-c87b-4cf4-b070-2c62d5736c3b,7c154968-6f08-44ac-8960-5a905fce4477
253cc25a-c8b2-460d-a8e3-cd55d85bc173,2555242c-6dc3-4114-810d-56606dc38ff3,b8ee0562-347a-4993-ab5f-b32858d4b3af
e41154ff-b4e9-4447-8d5d-2f9baef9c5db,f5916030-1087-4251-95cf-ac0670d3331f,2688d833-97ae-407d-9939-5fd112880ce8
28634879-9a4e-4a12-903e-6b348e5a6d84,55feabd2-0815-417d-aaf3-7599a17133dc,8263d571-0d5b-4a4e-8135-1a3af2a5f7a7
68613157-7615-4477-a41d-95acac045ec3,e0f9e75a-0214-4cbd-8430-957da711071e,dff74a11-5fd7-46bf-93c0-451e30c86375
234fc049-b167-4ce9-b2d1-2ede6be7cb06,56174c79-4a1b-4174-ad26-198379fcfe8c,5541d344-985d-4155-ab12-36ae301ce383
6c6dc58b-9ab0-450e-a671-41a483348fb2,99ff8c71-27ae-47bd-99e8-68d6155b7ef2,5c1caccb-f7fe-43ba-aa40-1cedbed9356d
d093f39e-eee0-44c9-81ce-7093cf8bfc5e,db7749eb-3cd0-4947-b963-5b5c34feaaa5,57d61317-1c24-4730-9f61-d6f6f0adaa65
90340ea1-e2b0-4aff-a4f0-11d695a54540,25e5fecf-86f6-475a-83af-1038e6022dcc,0b6dda12-179b-48d3-af1b-0fb20a84c65d
c274a5aa-f36a-4aa2-93a4-c8cd82a03d10,4c0bc019-5d98-4e40-b077-9aeb01801fda,412efad4-bec8-4d75-bfa4-aa86198b5dc9
9165e1e6-1152-4071-8a3c-656957eb9881,260f74e0-9a9e-470e-b84c-d1c5d7b3643d,6f0d966d-bfb6-4b3f-bfd9-8ce42c860513
86fe1dd6-e09a-400a-8cde-0f10ba854074,3ffd3ca7-1f03-440e-b93f-a54912c4ee3e,b3cafb1e-7adc-4ace-b0dd-f6ff395d77ce
0b3689fb-e37b-4784-b502-45b8bf4391cd,a955e604-db90-4c0b-b804-d54833a56dbf,697315ec-4f58-49f4-9bfc-560d8cab27e2
46597879-cbcf-4c6d-89fb-6c3846c65f6e,eef4b06d-7757-4a9e-8451-2ee6cb537dfd,5dca5610-e8df-4542-917c-a61a960e12e2
dfb41d4b-0e09-4042-9565-729f69e03d11,40122128-cea5-450a-80bb-b9f5ce4654e0,0697098c-b1e9-4f8a-a10f-46a7c0dd8615
730aac8c-241b-4daf-bd1c-a1d68c1a94d2,b5d69953-dd50-49aa-bf29-7091f6b12646,afac7ced-043f-4f51-95f3-1d529e3cf919
06de0508-ac9d-469b-a336-ab7942b97ca1,899aaaa1-d51c-471c-9ac5-8f683c71c591,71c6073b-1727-4fde-a3c6-55345dec9f6a
26183f48-8013-4d97-bf06-658f3442d798,1d4da81a-c8a9-4915-844d-c83d30463dad,4f8bd666-1c70-4327-8389-7745e644a9a4
1599c4a4-d93e-4ae5-b246-8102933b47d2,60cd18f9-2d2f-4701-8eb9-cf9127c90f15,e1b9655f-8d73-4b1b-b3d5-d4d0337acb84
26b905ac-f182-423e-9f1d-9a9a1919b241,ee3fcd6b-003a-4943-a3fe-255c9e52b779,a03a2e66-09cb-4445-ab1b-a9131361c698
a43ce4a0-1e77-4081-bac1-53eecc0f2b70,4a52021a-2f51-4e6c-a727-1f953404e634,a1846357-1d2a-4c55-8f25-297af2e0fe50
39a85f5c-0098-4bb2-aff1-3643c3be672d,02c42978-1af2-486d-b293-2a09c9d0fca3,0f5e5aa9-9882-4ed1-8ce1-5ff154115182
805c562a-704a-4551-8e68-8884c1d7d2ef,93ffa1d6-dec7-43ed-bdf3-0353137b9096,afd06132-5f80-418c-b6b5-f7696c5d12b1
26f4e208-a35c-4833-990c-56024d92da8a,4182d03d-93b5-4064-b1f6-2a3d0417e2a6,f8ea669a-7088-4530-a5c9-9a3de6e1f5f6
0210eb41-ee8d-44a5-809c-10d2b467e4a8,33ff186b-bc38-4c53-9f20-08cbdb4fe75c,188ef658-6832-46e3-8e89-898cd8a6a4e3
01ef0615-f9cc-4ed8-8a0d-8ddd1b15302a,7e239a6b-ceff-4773-800c-2714a7c4069f,136a456a-c175-45df-912c-e34168ceec6e
3ce9f164-48a2-477a-b4fa-b990c3107df1,4f06acf0-3b8b-4dcc-a50f-7209b8515aa3,3880fc49-5e05-4b84-a4ac-fb83e2113a71
754460a4-b78b-4c9c-9b53-bedd3b441c10,5bc03c37-8664-44ba-9953-1d65d2499b51,e8251c6d-9061-41b8-8ec8-03d0763f760e
ec5eac08-2e06-4f20-9be5-a7b5b48a3c91,2d761f8f-1e95-4e9c-bac6-6eafde294ef6,903a299b-5ece-418e-a1cb-fd85c56a3461
c0d46acd-6786-40e3-8b2e-f382dea79b7b,be0f7111-a712-4b42-b09a-1ba847486cd8,97c2c47a-2718-4ea8-99de-fc2c01df0f98
84c4ac46-7902-4248-8182-6396bf910c06,0f54dc73-7d90-4da0-80b2-e1ef24c3fad3,45ff254c-3562-4e80-83f7-1ac6365514b9
2863e3bd-5edd-4f80-b55f-56fecf69fc53,6678037e-74c8-4a4b-b7c8-89162ffde074,3fa8b306-b286-4c87-8a33-5194044e1143
a49f270b-6c80-4a0c-953c-fc4632940fdd,13ab63c0-4766-47e6-a738-82499719ba4a,c133c3fb-5f28-4b53-9345-956c17dabf56
c6ab1759-c7f7-4f28-836b-d5c68fb54b35,4ee481b8-b889-44c2-b52e-761b21395efd,49a21f29-f0e7-403a-9a66-ddf2b2dd8c5b
7d401b15-c101-4b63-9400-4f30422c27d9,c6af1b12-6618-40ee-8198-f67abd872245,5b45edca-f6c8-4e52-a15b-6bad61547c0f
239b84d7-bb30-42ab-a67c-747572d59a9e,58bfe106-0bea-4a06-886a-04c82e7c3d99,3bade245-7113-476e-8b91-4d2a69f2902e
7d1dfd5f-e871-40b4-95e1-0098a074d558,346ad8d4-1ba7-44af-b2c4-325c3bdf1526,50b228b7-3c50-4ab3-b717-9caaabfc2084
f430d768-2e94-4e4a-9c40-0130e1d65cbd,cc9181a6-3866-4b2d-bab6-a7bfdd5d7bfd,e53b9e79-6de9-41a9-97fa-027cec32213a
c23aa76d-d082-4f4c-ab58-97af5171af1e,fe89d2dc-ab0f-4555-bee2-95675430652d,556819a1-00cf-483d-8644-59b349d12893
260dda94-f22b-4393-abca-6fb492c91cee,099d75e6-03a8-4094-b9b0-e036c022f0a9,bcd0780e-e259-4524-9da2-7c700c1c600e
95432729-ada4-43d3-bb24-6d50b1d46792,c45e2e73-9acd-4628-b084-43d04fcef9c0,19fd2a26-eade-43fb-92e3-8fe7ee941c97
55907130-d717-4127-86e0-2b945f5c6930,a4ab0b7f-0d89-48c6-b27f-a954f6c2a8ca,21b1fa99-9ce4-4b6b-acff-d81f895be613
f8280855-c612-420f-9d3d-51f1e7d760c4,f445adc1-73c0-4e59-88ad-7cb16cd921d1,b1dc42be-458d-4398-a654-f864bf9ce51c
937f92db-8972-4ddd-ae4f-8620fd1cbc79,bd611f96-3007-42ed-9553-41d08e066d7a,ce40814c-3125-4d87-a8ea-a0db819f6fb2
18120930-cc14-4f01-87bd-f16a0dcbb80e,5a317935-b4bb-40f8-a354-3cb851eded2d,5919c961-6bec-4ffc-9431-7c2bc42103c0
1c22b660-dcd8-4eea-afd3-4417e506d78b,6d42bd11-615f-472a-ac8d-510dc2aa0219,429caaa4-0271-4158-98d7-d0f0664caeb7
8c410a99-3e1a-4711-a307-ae84ba676455,6f2a8de8-2645-44b7-bf0d-ba003fe882f3,92dc57d2-b305-41f5-a4e6-c12a05f81e20
6dfb5e19-0bea-4935-a893-8ba57df1255e,0b185828-6962-4134-a82d-896eabbecf59,c51414f5-d703-410a-b2d6-2c64f75f6e72
61e2c8ef-f72f-4f53-9aeb-d6906ebe13f3,620c47c0-ebe8-4056-8cf5-76df22903ada,6f7558e6-3ed2-4b67-ab1e-8679da0661a8
6e271ed4-757f-4944-ae05-863f852e2d7c,0ee7ebd5-7796-400d-8e43-e05c951dfba9,a3df3579-19f7-44fc-ab8c-6f21f645534b
4b4cd623-e4d6-41b1-a815-6d99be14fa2e,a8a0e0f7-3e57-4579-ace1-421383f19150,8e103294-000a-4f7b-8906-b9aa00df6543
97bb4a17-43bb-47b5-a2a4-54310f04cf4b,7a9aac99-25a3-4137-92c6-e3546e75fb09,5ff00ccc-70e1-496e-a64a-d13da7cbafc5
fc391716-0ded-4d79-adb9-6171502251db,fd7c044f-8e73-4139-9de1-b1ae52efbc66,d7e13867-0e2b-41b6-b0d0-a211064916ef
127848b1-7db6-4ce6-bacc-0288f3ebb436,384d180c-4362-4028-9738-b35e892f36f0,9c823a8e-dfce-4643-85fb-d4fcfd31fb9e
3b843415-6a5e-4b17-a1a6-4a78af6f01f8,0300a483-8f25-40e0-915c-76014928342b,627270ce-12d5-4370-b97a-941e4e6949c4
ef68e22f-2830-463b-b837-79c62f1cf0a2,f1811791-aeb3-4457-a65e-5e0948011daf,2cd8e890-51e7-46e1-bac3-7f5749ea0ce1
f33ac056-ebbf-4cb4-825d-5146cf479a86,1298dd4e-3ca7-4379-a4cd-3803a6897c88,d63b3a2a-3fa2-42b3-9072-8e39127a8c7a
c375cc59-5911-49fe-9393-fbd3095c3361,ac297d2a-c286-4550-a260-91e5664dfe7c,feb34437-416b-4c66-b0e1-712afb3170a0
64e85002-024c-4bfb-a771-73a17ec9fc06,0cba900d-9739-40d3-b792-bd7cdbf56e58,caab8e3c-d8c6-4bbc-acdb-f4fc19472375
251b0b03-3db8-49ff-b275-40dca07d2cd3,d2baf93b-86fa-4635-83a8-b624aeeab2be,e2a3810f-8f6f-4fa1-985a-af6235ed0b98
22f5ca4a-0068-4656-ac48-9d342acb8132,b7954ee5-3fa6-49b4-b7d8-1c6b84e1907e,292d6ff4-ca65-482c-9824-1ab64c3cd822
49e68d38-abcc-4827-9e12-9e355370bce4,58c813fb-75c3-4005-91a4-6fc8e34e6004,595936b8-a370-4ec5-b9a5-ff12f2172ddf
fa767b9f-ec4a-4236-951a-2e48b8472af9,eac29a31-9686-40e4-b752-d9845d8a1ebd,7d4ede8b-4847-4791-b6b0-3f9a55c26d25
ba39477d-c826-455d-a1c4-63e159f19e33,efbb6d73-b71c-4f49-8d01-0fcf8aac44a5,0e78f026-f550-4c1a-8ce5-104765b8d366
aad68522-c6a2-4a29-a1d4-bc827e4e3e6b,acd5838a-dac1-491c-983b-1fabb5cc0097,cfa9ec4c-b918-4a2f-b82b-26c659ab27b4
1396876a-57b3-4102-9ca0-0e4c5a73432f,a7ad6ba9-f353-4d5e-8425-478169e6862a,599b20a2-9671-4f8b-a9aa-872869771502
8fab49ed-39af-4291-a1e8-25fd1babdbd6,7d8a4e18-5005-4245-bbf0-4689cc9a649b,33b4bed5-077d-4a8b-b694-4e38c74210ad
b12b645e-aff1-48c6-bf95-dccddc771991,b27ab758-6b4e-446d-821a-6a2a319e519f,0eda8393-8c99-43ee-85c8-e51e3afdcd7f
49eef51d-06e9-455d-a447-71a0302e2c1a,8e6ff0f6-ceab-4b68-b013-22cd12a27838,f0479f63-5461-49a4-82f5-f25a13ebb137
1203f865-6dd8-4a20-afdf-a52b0f9d7bb4,b5a8a010-df9e-45f2-b597-93804b38f0d0,72f5fa6a-f813-4258-a1f4-e9d66fcec3d8
9e45f027-6883-485c-82df-148626a5d4a3,517a0cdf-cb0a-40fe-9078-7523755b050c,c790196d-10f1-46cb-933d-83913c70c7db
feaf47ee-9ed0-48e3-b78d-f6357ae0d267,a16736e5-a3a7-4819-8781-802f91b57853,3c4f8392-b986-4601-b2c4-dba4dd7cc9d4
644d605b-c30a-4bab-a60a-4f2ba6b7fb5c,06c87364-f0c0-47e8-8ded-638e8a08a79e,1598aa6d-9536-420e-a19a-97f13d9a189a
371bbb2d-7c17-4759-abf0-a7fbad10e03c,eb8196c1-b50f-4d45-94ae-29ae9a3525b9,d4384683-6352-4be8-b284-76c682fe1a51
c493040a-fee6-42aa-a612-3c8b06b8a153,b72b1eb1-c3d3-40f9-8113-5cc2cdce6a15,1c96a648-1501-4779-abff-29f386598061
54e9ce04-f1d4-4a57-8e03-10221ab77f63,d499f90e-61ed-43e8-b739-72b11d250ce2,b1027056-0952-4b65-b7e8-2d742895b100
d36eaa71-dc45-4efc-84ba-3fc4eac511d9,857b231a-8046-419d-a4a5-fa9618155557,1f6d92fd-2ed3-44ce-9e0c-2b36a398f144
0fa8d8b4-6308-499e-bb83-53761f19935d,6b4f9bfe-677a-478d-9cdd-230c80ebce1f,a240434c-bac8-49b1-9734-c56136770b7a
99fc5578-812e-419f-877a-4a1157fafe38,5562dd75-c435-48ba-830d-c477f7523ce6,b6acb418-8e2e-4843-843c-261c57ffb8f8
7b11de08-9fb4-4ebc-9ff1-943d5ca9cb57,fe381734-f79e-40b8-a738-ab4cf6a2a19b,24ecd1b2-737d-4a82-93b6-60a5e6b1126d
792cf2a9-ebff-4def-b802-e22925a4937f,6928c8c2-64a3-4966-aae3-39e4cf9a8b35,94639cdc-ca04-4005-ae2b-c94b8fe7a154
bb3d248f-a4cc-40b9-9de2-43ffd38df739,c3f0dafe-0073-42f5-910d-3b37e1634895,fd8d8535-494f-45dc-8ab6-dfad0eee22e0
da83f53b-c7b0-43ef-a0aa-54df43140a07,ad0b16b6-0f7f-4b2d-b536-0707abd8dd4e,8f2c534d-8b62-4291-9bd8-f43648e63e3f
75500b46-4255-4957-82a2-099118ee670b,f1825b0a-0d7f-4f0f-8588-0eb5564676a2,6fcd83f8-d171-491a-bd44-e15bcf8000df
905bdc77-acd5-427e-a059-5daa4af85324,3ece1c71-5f6e-4e6d-8f4c-dbbe0e8171a7,dc9ed032-047b-442f-95ec-89c8916daf85
f67263e3-daf2-4702-8cbb-0f82800114c7,575ba848-8a43-4abb-8064-fa70eaa28249,60eaa068-04da-4037-9ad8-49da18a72385
7a0169da-4234-4283-8801-bdf81aa10462,31cdd619-f139-4071-831c-f351c697b897,620e67d5-7772-48cc-bf92-42601402fa36
9aafb493-eea6-4272-bdb0-fd7a1b5f3eb2,bc2de652-767e-4c74-9f4b-11f1160510b0,53dd50c3-a30d-4db1-bf05-c7c1e06634a6
66338d80-cb2b-4bf5-aa1b-0da331a05900,02596bf7-9e4b-423c-be3e-261523cc38ee,ba3d6a44-0e08-486d-9497-6e1018faa4f5
7f9bafef-5a3b-4866-a616-16bd07e1d801,711bd1c0-8355-4fff-b2f3-03d40003aa10,7d048987-3c78-4082-aa63-afb438039bfd
462b8874-c213-4d3f-904c-33d5ecfd554a,1e6afc31-0c70-4d97-8342-623c1bc9f7df,e156b555-536b-444d-88ec-7c98bc27d55a
018712dc-aa9c-4073-b859-c44fbb9bd853,0c2b0883-3383-4b17-a73a-2a247e2a0c47,f7103052-d012-45e1-9235-e670a18a978e
0d6e8bf4-3115-4d91-86cf-eb72c731d126,1abc3097-915a-4299-86b2-793df82e81c9,998868bf-4cdf-4667-8d78-cd1ecabf4ff0
f837ab21-9f49-4f64-bd1f-44ce7fa671c4,657bafb6-3e86-44a8-8d60-eebc0ea95a9f,11a677fd-3771-4e3f-9456-15df1459be16
a933dfe0-0a59-4fb9-8f1e-53f0acab0d5f,ef4c57a1-c773-45e4-af11-bc54cd63c301,c0938e8b-9bc3-48f8-a42d-c7db877e0869
538441c4-4908-44d2-b9c6-1e861bd13d09,f46c8bd1-e90f-49bd-9da4-edd29f17d692,65091f12-0f21-4fc6-93ef-a2c87168a07c
58c4f9c0-efa7-4f29-b2bd-443f9c1468f0,daeef43b-5361-45a0-b96c-de878d082536,e6f797fd-f019-4715-a9a7-a95e1cd6ef48
99eae10b-7eba-49d3-8416-cc029cc932e5,8cba6e7c-3e41-49fa-a373-ebbabf6e4882,83d38fdb-a992-4fff-aa5f-7bc6d534136c
cea9c1a3-a757-4af9-ab36-92fa17839b7f,b5ffa9c4-9ca8-48ec-9fc8-c71ba958c00c,d1acb030-cd64-4f19-bf23-c59c45b28e15
a9fb0fc3-e272-4fda-9fb0-abe790966d04,052e763f-239d-4fbd-93ad-6c0ef1fb53d9,e33b33d2-30fe-44a3-9ce4-2c4b95aef1ed
385ff4ca-2fa8-4b89-a4a5-539cf9c3b58f,57d77ddd-813b-4c72-8842-207814d15fb1,0d6891cf-041c-4a3d-a83c-e128c2c2caaa
ea59321f-20dc-4957-a517-9888abf3e51c,d2d4603a-9837-4ae4-8afd-75ce2ae17bcf,0e20dc6b-2ae5-43ab-ab26-258f02124d4e
703f6d9d-50a6-4a49-9885-54e743d7db65,d9f831fd-a150-40fc-9492-c493154019e8,f293b7b0-11e2-49a6-ba36-3dc01fbbb158
310ad64f-0766-4254-ba56-f00be53bc22e,8c2dca2b-7499-432b-8aa5-96a231034144,05d87aa4-694c-49b7-bd2e-649d2a455461
9c357930-3cdf-4ba0-ae72-cbf8dbafbebf,fcf27475-3ffa-472e-a964-02a34dc201dc,265362c2-483e-4c06-9044-d5f00eedf4da
c5472a0e-e35b-45db-8da3-e9b4d8976535,1beda35b-7702-41f1-bd6c-a3eee84b0ea8,3732b387-6020-477b-835c-ab8ee8191a78
cde15460-415d-4510-83f7-99ca53aab5b9,5fd69af6-688a-46ac-87bd-a1012dbfe128,17d24914-c379-4f2f-8151-b81bcbe2c1e5
8b9d39d9-bc8d-492e-8a0f-2a5cca2c09fb,7467cf4b-1538-48a5-9b38-5431d21c5723,2fec8f36-6c71-4717-ab1e-d050280720a8
4b15ee55-5f7f-4f64-89d9-033820d28fd1,f94a25fc-6cc8-44d3-bf3b-cc552d15c7d3,921b073e-2371-41c9-b040-5e4a99fd0e44
07e425bf-d812-46ca-aa2e-17692b5a064e,815e8ad1-261b-45ba-9a8e-b9b3375ed080,069845b4-07f2-466f-96ba-831a38a3ff41
6d02e10e-f099-4432-8368-a2539faf5990,9642d668-2334-447a-9e6b-5e3b75f90ecc,1da2f35d-e44b-4625-88bf-bca0537a9b83
dbe56bfe-50a2-4a63-aff7-26a44abaf707,988475f1-b66f-4db1-8057-cff801511551,a9ee870a-ecb6-40e6-b157-6844c4696127
14484899-1dc2-42d0-9eb4-0f433768e6b3,66300c42-0ba3-44a9-aa77-0df9f20b5bcb,f7eae4b3-75e5-467f-9e91-7fe54f43cdfe
b3c2e724-5037-4240-b9c5-c1322f167a95,b0a437fd-209f-43c1-8b85-15a69dcd0a16,56e51e55-e26e-49ea-a013-1c2df351d268
5df80659-f810-44ab-b4f8-324c3155df93,28baf1e7-b583-459f-a505-c7649d09e3cf,5c343f9d-3484-438b-af93-a90633032891
90d3c2fc-0902-4dec-8628-24309e5e9c43,2ade86ea-6db1-4c0f-902b-b8d1a9785165,aacce02a-0715-4554-9fc3-9a7204d5b9ef
53aec04d-d202-4a24-a4d9-d3d806a573bd,d9f77474-4149-42a1-9e0d-c0f339b520ef,4697c236-2f62-44f0-8fcd-0a1891c9e2bc
3d8abab7-cc73-4ed8-96b0-53d4888122ab,19011dde-7b60-4e11-9e6c-ed7b424747e7,e2f7d0e4-1a20-4190-bf92-2cff4cd8a28f
061ea9e5-f360-4335-84dd-fd5cd9def8fb,59036426-f57c-4df0-85a1-05cf209ed7c5,e110f0e3-026d-4e44-b406-e33a604c8ff6
4154789a-579c-4276-8709-403e662a7586,9b248ff4-8a77-4a58-9811-d4ac8c5129d8,b684fff1-4dab-47c2-9100-9da9bfead3a9
c17802ba-cd23-4b38-b853-24af8788786b,8677fe2c-ce2d-4f58-8d73-945eddd0a8bb,a9bd0eff-5b0d-4b47-80c1-106bd7adec53
76c921f4-8fe2-417a-b757-1aadcfd669b9,feae081f-a91a-4eff-aadb-fce4ccfc6626,4d86e47d-2ed0-4422-ac7b-2680a19d3770
fb9d29a1-accd-4818-bb2e-4cd4dde27fe1,2cd3440d-7dd5-4eff-b0bd-94fd55af0281,8c935c04-35ad-4c16-bb7c-b331240fd3c1
ed07e520-229a-4de8-840d-9609f741bad6,fa51c4e0-1d1f-4589-a466-07825e23f8b0,f3c5f0b1-2a24-4ea0-87f9-741889593ef2
bbf83ea6-39e6-4a6a-8570-ce7f86fcdcbd,6e5fdad5-7995-425a-8e9d-a13019991464,76288e64-ccf7-490d-b968-21fba9a84df3
8af8b5ce-9b03-43ed-8b47-82462b57711a,a84de76f-262f-4e5f-9e6e-5f894f2b8920,90e0ca3c-02d4-4ce3-961e-2510a02a1db1
e09c9994-15d8-4c1d-a4f5-5d4306e7cca2,8cdbfc73-ca5c-4e11-b7bb-1751c767fd90,8c3514ff-ae80-4d38-89e0-1008fb23b130
8892cc43-090f-42e5-813e-3ee6b5d3c8b4,4810ee99-ad8f-4d72-86ea-e4373d0605fa,a7dae85d-c0c3-4313-b240-b5860e286b14
39cbcf76-d215-4d74-a856-31673e4c16d4,a16b3997-5f58-41f7-bbc2-b53e4a2bb080,760762a0-b0ee-41ae-a5ee-9a00fab8dfb1
9a7a3dd4-9b98-48be-87ef-d20efe3821f8,8ef956bf-fd08-498b-8e14-30adddd43380,f12efccd-3b42-4458-bee2-366a25eda0fa
d572782e-c31e-4043-809d-9f97c3b1a6e6,26dc2a85-9571-4b26-b929-3d8f7e19ca52,896ee49d-7d76-48c6-888f-db28becf3268
22f763b9-0032-4d57-b4dc-5dcdb57e0c76,7efcbe58-4dfd-4a7f-9949-633b5eaec2d1,debf3043-6606-4e7c-97f0-900c1160ff50
57b33903-9bb8-4728-a943-7d9fd7f2a99c,15e9ffda-7af4-4ab2-85e9-7effe1451cdc,1c439b30-7746-4869-9dc3-930b35031ebc
58bdcf04-3b79-49a9-99b9-2b730e5563b7,75fe03d7-feda-4876-beb5-5e8240843722,042b48c8-e8e8-4d1f-b3c0-f06f07e1efd5
dad534b5-7733-46ef-b17b-b40f0e063e85,1d951312-9a2b-4bc1-a0d8-80c2575b6036,ce3087ed-3ddc-41a7-9557-a1a460e7c087
624cd9cb-b2c0-4fa0-b157-33a534caeeb5,71e5867f-217f-4bab-8152-c67c2aaa4b23,ba135c44-3a59-4946-87ed-1b2af53c16dc
d7e5c08d-26d7-4996-8d44-149c1fffb791,040502e5-6209-4a06-856c-378ebe0affeb,4d3a1b88-49ea-45ff-96f6-76f239155e61
ba9380eb-a8a7-4caa-945d-6666fdd028d0,87ab55ca-b83a-4f0f-b7e3-8e65024c9fda,1220cef4-4c6e-4fd1-9c85-6902f0bddfd4
85f655e2-62d9-4789-8428-8647253222f0,30e8fdae-22ab-43fc-9980-4a8acf7e7a95,523b0e97-3b60-4e76-b503-dba31de44d05
eff3d27f-6c94-4781-99ee-68de14a87401,a9d1ff42-525f-40cb-bf16-2606c9a0386c,72f2e133-947f-4265-a386-929635267ffd
6179131e-bc78-4031-936c-438a26914acc,58f6bef9-3a52-4973-9195-862c065b2abd,d23ee11e-a18e-47ae-bf1d-457ab380c3ce
d2292abd-a206-4f72-a38a-5d8e537f7668,bceb2be2-c563-466d-85f3-88b8307664d1,ec54e131-7cf5-4e53-b9e0-d3ac7563e70d
8bdc410d-c38e-47de-aa94-9fc2263516c0,6d38f6a1-f709-467a-95d0-3c2f3c3b5181,762104f4-62f2-4303-a8f4-16cf903cdbeb
8e0cf819-9bb6-42ca-bd95-5502cc67e410,be0cbf82-b9a2-4112-9d84-b8b67dab4357,99a5590d-dd26-46ca-bf9a-5d19c782f869
24697c76-a3be-42e6-aaa2-e4c2267620b4,445df8f8-a345-4993-a7b6-3e36a86efcd0,bbafc5f6-b87d-4646-ab0f-2f7914c547d8
cb3ec201-d916-4ae5-b6f6-31f2f9079516,7c3fad42-f4a5-4944-8cc9-e36133421417,da2fd3ea-4d89-4f24-9df5-5d41af6edc2e
60d68031-d33a-4c2f-8824-b1123abccd68,793febbc-b73a-49fc-90e7-3404e6354ad1,2a524889-6f44-465d-8c0a-376c8b4eec06
5a4cffe5-f79b-49e1-8aee-e31bb791a803,50281259-be56-46ea-9ab3-cf4fdd9241fd,44ea88eb-e97c-458d-8f8f-1b8ec3c90950
0aca577e-d00e-4864-ba3e-8067344e7f5f,0f8ba713-72da-45ae-b24e-62725f2e331c,495432e3-1a9b-490b-aed3-b1971a0941af
a3bfc4d2-6f04-45b5-aa5e-1c355179bc3b,7de63025-ccf9-419c-a8ee-92ed5613a413,40f47ee9-4b0f-40f3-8a5b-8321ad367728
168871df-62a7-4c78-8f34-7fce9239189f,81ad1f52-b003-4e5c-be69-674a23e6862f,2eced04b-c131-41a2-9940-0ce1cd0dfe6d
dddeb021-ecf9-4e26-a8f7-903fced2d512,e8e9cc20-1ee1-40cf-91ca-caa9e73b48be,59aea349-25e0-4b3c-a01b-966817652cf8
24a69d51-0d3c-4aa4-ac0c-c02441d73258,ce294ad3-79ba-4982-bfbb-bc5d334fa326,c00dbe42-1ff7-4150-b437-c7312bbfbe8c
f5b77e8b-c117-4e0b-90ff-bec3c4857d66,3607a63d-b5a5-4b9a-9586-37a211512cae,3bf7b68b-24e6-4f78-b29d-c3d1c683321e
5d7dcb58-9cb2-4614-912d-42034687226d,646fe20a-5b09-4505-bfbd-d1b360dc323b,a1871180-a755-438e-b9ba-88bfb1c89b24
78424851-42e2-4686-b246-2dbd0e2161cd,5ad86edb-c861-4f65-b5e8-26568b6ca0a3,478d68af-aad7-4601-9fa1-43f6a8801794
a34ffd10-c317-492f-ba55-2e12a3b981c2,dd45c6dd-c31e-42a0-8a8f-fe3b01514fb9,9f802900-7669-44ba-b8bf-ed12c8b9b14d
f9e4bd5c-a324-4e96-ad9f-85c1f7473cae,7ae6e95d-9d5f-4402-8cea-7bbfebeea9b4,682faf4d-5f50-45fc-acce-9021d234c0d6
882c1fb7-c0d2-498a-8fea-b9888d529f2e,01eab734-8156-4986-afd7-0c02c2a294d3,26a4cd5d-51d5-4249-8316-7906e15f0726
d0710cfe-a728-4bd1-9e4c-1154416e11b0,5a0cc47a-1ebe-48e0-a72e-adc79a80a349,306fbcee-4b10-48ac-b669-246644824423
96ed2ac8-ca4e-4cc0-b4cd-00b6b56d4b29,b8393819-f0e0-493c-bc01-b7abbc5a9393,6d55852a-a4e6-47f2-abca-05ad87e925f2
4c89113d-5739-48d0-abed-e1d6921351ea,2c7e54f6-6934-43d7-84c8-70e3c54b3c8f,baea0c72-fb0f-4c72-9e3e-822b92fbf6a7
d312d495-47f4-4e88-bc0a-b56371eb21ef,8f24aa6e-0eb0-4a50-9883-91e4bce645bf,9a150e05-685c-49f6-8542-1363a3010f10
c17e1072-5619-47e1-9138-23908b820bbf,f4eec647-10d1-4cb4-ba3b-4692effcf9a4,cb7ea203-9c0c-429f-8e41-934d56a59c9c
4253051e-5887-4fa2-9735-d1c3cb814db9,0071596e-8196-43c4-80cc-ae0e37177e86,63070ac4-32e4-4081-8836-53fb1d239fb3
5f2fe819-f917-4fab-89b3-80dd288ba9b7,8a9675ef-0304-497b-9692-35d818e6fea1,e0e5822d-e7bb-450c-9829-c691758202c2
ee987799-ffa6-4c97-bd65-1675d27c722f,9f0aae96-8089-4c00-8a8b-2e7209d118e8,45125bfd-9149-4d14-9705-ed911244b651
2d955f42-eb5e-4b03-9de9-5a4b65e456c1,dffa41c7-b977-4dd3-a41c-05482c0a1dd3,31de30c2-2927-4b88-8782-720a195fae6f
c2c3faf7-921c-4618-ad0f-431e7addb591,b4b71398-539e-47f6-bd52-acd7ff9779f5,1efd3a28-f7ca-43a8-abf1-cd5f3384dbe7
8b66f6a3-9c13-44f7-b34c-d19fb1b359ec,2fed8f78-243a-475e-a370-ef9c939cfd00,5d5df86a-ff1c-4bd0-91a4-486385aac2c1
3a89a75d-8e64-42c6-afd4-76584186b7da,80316e5f-169d-48d9-8136-0f8f54e374a6,5bc52ffa-5d86-424f-92d4-47ba14e16254
e9619684-f412-4f81-b41e-176f32e71f7a,48212a58-6390-4e80-9fcd-910554fe4cb5,688939e2-1647-4552-a280-08d8a2d3d0ed
4b513e49-c1ac-4c21-99af-0c86d8115fbd,60302e1e-c74b-4211-8154-f076247dedf8,61e6d7e9-6d1c-470a-a6b1-091b239e3703
79adf5d7-8d39-4b99-8d1f-3da80dde8e4a,8b908822-8935-414f-996f-c2ac76a4a019,15ff7ad0-1cfd-4667-a1a0-7bd2cb592bf6
90cff7b1-7a69-4a04-9f36-ed83bce27a1e,c7ba82a5-868c-49ea-9fe0-37e0dbf8a275,3a01c995-24e7-4c2f-919d-92b7004ccad5
ec76f2ea-d0bf-456e-93da-4e91440d11f4,062ddbba-37f0-4ba6-a2bf-c47cd6e47850,114b1e1d-9096-4e48-a078-f731b294db31
1ca1d0c4-55f8-42ec-a9c7-aadaf95139ed,9857dfa5-6e24-400a-ad59-ac50e180be67,9ddd42df-7c07-4b08-9b86-7598684322b1
83d8b7d5-ecc5-4cd7-8c45-94cae0e4b2c2,bf892053-6e0e-4a5a-a66e-8d99d2589f9c,726b240e-07b7-40c0-b167-cf12a51148b9
7466487a-30a6-4ba1-b044-006af37dc16c,34528dc0-0880-414a-a972-c1c4239f876e,393bf1fd-6044-4b60-a9a2-49bfe5204f83
d63b5064-a547-4da9-9cb8-3fe7d2fe3b68,6bb5b946-5a31-43d2-959c-84c94035608f,361b5d57-9a4e-4309-8e78-006a48cb7508
5491639d-628f-455c-9ae7-802c77a5fbca,3140f6b7-fa1a-44b4-a0e4-d2ccbe2449e9,f756d8f4-51d2-42f0-9c68-becbf05255f2
13339dc4-17e5-48ad-94cc-53163584fc6a,4a372004-742e-4449-8406-7075d4f68572,96b0fd9d-2bda-46d0-9f02-2d7526053f41
aa1eb7d7-caa7-40a8-9b26-abe65b4aa9c1,ca77568e-f311-4322-993e-56a7c754fa9c,72c57acd-26f9-4ff0-ad60-989b47591244
0faba95d-27f3-4d84-ab10-86c2372583a0,954326ef-e1f2-4a1e-bfc9-ba4cf1ca2b3e,837a2b3a-6822-47cd-b4f7-559d7be907a8
14fef24e-32db-4c42-9069-a0ad541012b8,29486cec-20ab-4f89-8c0b-9691c4425f08,510f8c76-f2fd-4793-bf3d-a2f28fa5287d
f4116da1-63d4-45ea-bc3e-371a8bae765c,e7be8445-0c16-42b0-aaf4-fd5f23cb25d5,d88caf79-7fd9-4cac-b4d0-3c0274402685
db7f3c99-344d-4383-afea-292909423492,fc1e8a96-3470-474c-92f6-10b43ebeecce,f3857dd0-53a7-4633-a42a-ce181d7ca9c3
5bd746fa-d38d-4799-9a74-4aca3f39c898,97bea2c7-8ca5-4172-bb0a-d937d9c2c91f,eac8a93a-7fd3-44df-beb7-0aa82ecb2bca
c134b437-72dc-401e-b942-0b7c781f993b,ffff5ae7-421a-41da-a5b3-c26d9146e38d,e1707b49-fc62-4b42-92f9-24b5c23ba485
7e329b76-8f11-4c88-9e78-0e3bbfad7ba6,2901a9d5-fe1c-4dff-bff5-0109005409f7,3af1590c-857f-4fb2-bb18-980dcf171669
5fadef7b-5a9a-49e8-970a-180e070524f8,c3702310-d687-4de3-9b86-9122ad47d044,c7f21a51-02c9-4039-97d7-f05a5698809a
05df5a0d-434f-4c9a-83af-5a0daf78e422,f3277f81-ee4d-4118-a7f7-f0650191eca4,9e5f1523-4bfe-4590-9710-d457365336e5
522cde67-5a89-4655-8619-6301255905e0,23f0fadb-1d66-4852-af7f-2b4714eb74dc,dd2800d2-ecd7-47e8-9c90-4118535f762b
8763cd20-85a7-4647-b03c-eb1883fdd88c,b6745f2a-50fd-4093-bbe9-926a539cbc16,48b8fa9d-a7bf-48e9-ab35-454b431155d4
dd5548e4-96dc-4794-8d29-6a25629311d4,53f1a38a-451c-4d5e-915f-61b55a437fbc,4a879ad1-27b9-49f2-8699-9063a2f42bfe
32e72b4f-a1a9-4db5-9299-ff7416129093,39c501b0-1a64-466b-aafb-018d086b382c,90634240-778b-4c06-a78b-8eebbb795fd6
4755ae7b-f085-4540-9642-5535bd4e1865,3433088e-7c9d-4e41-be75-9e945b473e6a,9d919ffc-9e10-4060-b269-94875c66a2af
8ad6af98-98c4-4b96-be10-6da589579d6e,351c1ef7-c621-4868-9019-1c455f1ec02a,21e59b70-fc2d-4294-a662-c325ece20591
52ee084a-fce7-45cc-85c2-0b4b2cf60c1d,d6e27de5-4b9d-42de-8a36-972501f34710,0f013bb7-7807-4459-8b4f-c8f9b2792361
e23d85fe-0960-4a36-9b32-a472c0e1a16d,481695cd-ce3e-411f-beed-6c19c7137426,f54db0c3-7e18-4192-9afa-7e60a10e7122
e5f66e05-35d6-4252-aa6e-4d6ec39af67d,4fb6b64d-05cf-498f-8fd8-1fd5ab68be7b,66eb0b0e-4de1-492a-96ed-3682fcc49c22
f6d8cd16-bd98-4fc7-a309-19ae74dfb771,beb559c1-9c80-442f-97b7-2e055b3f7e00,71b2921d-3312-44b2-affe-0f01182b0878
d39fdfc7-ff8d-4269-a599-0ad5c50ad5b7,0cfb4731-a48e-475f-9bec-0da1e4038811,45874c98-a949-4f1d-ace7-f9d56565f213
47daecc1-5e92-4b72-a580-d38db4b0531b,edc2f37f-3366-4e59-9510-b51a7ad82d99,21102976-59d6-4ac7-b8e7-c3cc1a18666d
4e863465-9dc3-41c1-acdd-ed62702ba74a,6761f5c6-7edb-437b-b8cd-edeb6ecb7992,c5fef3a8-6569-43f6-afff-9fafce9f0d4a
ee1929cd-a61f-4636-b8c1-614630677799,52d9af25-50ca-42d0-9b13-4f5e79df191c,47f4ee19-7af1-4ce8-9675-828094c524d9
f9940f97-7ae6-45c2-9002-158174f71f03,9f387032-7ce9-4fb4-b9be-f08e69ffe9f7,a026d51f-360f-46ec-8740-4c16eee35da0
3ad5af87-2419-4462-9dfd-65a9523239fd,63417751-de44-4d90-b0af-a7e1ff55b985,0df1edc6-6443-4293-9671-3bcb8e75e35f
8d5203b3-20df-49ac-b979-ff98cdef6db9,49af79db-40ed-4f92-88f6-6cc35dae0fde,b0738527-d154-4541-b32c-f1af5455883f
d84b8b7e-c0ad-481c-b418-f999a6e36d1f,fe5c8d72-e8b2-4671-b8c0-087b33fb564e,ac999ebf-de28-48a7-8fdc-5f235dab95f5
a4084d5f-fbc5-4b07-bc0e-5e8de95b7f29,314899ae-49e0-4764-ab81-d3e827cb843c,b8361919-d446-4072-8b78-d5e8803b4c5f

